<?xml version="1.0" encoding="UTF-8" ?>
<!DOCTYPE log4j:configuration SYSTEM "log4j.dtd">
<log4j:configuration debug="true" xmlns:log4j='http://jakarta.apache.org/log4j/'>
	<!-- appender for console -->
	<appender name="CONSOLE" class="org.apache.log4j.ConsoleAppender">
		<layout class="org.apache.log4j.PatternLayout">
			<param name="ConversionPattern" value="[%d] [%-5p] (%F:%L) [%c{1}] %m%n" />
		</layout>
	</appender>

	<appender name="FILE" class="org.apache.log4j.DailyRollingFileAppender">
		<param name="File" value="logs/log.txt"/>
		<param name="datePattern" value="'.'yyyy-MM-dd" />
		<param name="append" value="true"/>
		<param name="separate" value="true"/>
		<layout class="org.apache.log4j.PatternLayout">
 			<param name="ConversionPattern" value="[%d %5p %c] %m%n"/>
		</layout>     
	</appender>
	
	<!-- FETAL, ERROR, WARN, INFO, DEBUG -->
	<logger name="org.apache">
        <level value="ERROR"/>
    </logger>
        
    <logger name="java.sql.Connection">
        <level value="ERROR" />
    </logger>
	<logger name="java.sql.PreparedStatement">
        <level value="DEBUG"/>
    </logger>
	<logger name="java.sql.ResultSet">
        <level value="ERROR"/>
    </logger>
	<logger name="com.ibatis">
        <level value="ERROR"/>
    </logger>    
    
	<logger name="com.dw">
        <level value="DEBUG"/>
    </logger>

    <root>
        <level value="DEBUG"/>
        <appender-ref ref="CONSOLE"/>
        <appender-ref ref="FILE" />
    </root>

</log4j:configuration>

